{
  "qdrant_3large+rerank": {
    "avg_mrr": 0.7092641100866164,
    "avg_ndcg@5": 0.7148056557312217,
    "avg_ndcg@10": 0.7148056557312217,
    "avg_precision@5": 0.6560142497904442,
    "avg_precision@10": 0.6560142497904442,
    "avg_search_time_ms": 374.6646318931292,
    "num_queries": 9544,
    "by_style": {
      "keyword": {
        "avg_mrr": 0.9235540653813914,
        "avg_ndcg@10": 0.9245050769310803,
        "hit_rate@10": 0.9295892707460185,
        "count": 2386
      },
      "natural_short": {
        "avg_mrr": 0.8649203688181055,
        "avg_ndcg@10": 0.8676015738454212,
        "hit_rate@10": 0.8797150041911148,
        "count": 2386
      },
      "natural_long": {
        "avg_mrr": 0.7613928471640123,
        "avg_ndcg@10": 0.7658490523033255,
        "hit_rate@10": 0.7870913663034367,
        "count": 2386
      },
      "conceptual": {
        "avg_mrr": 0.28718915898295616,
        "avg_ndcg@10": 0.30126691984505977,
        "hit_rate@10": 0.3503772003352892,
        "count": 2386
      }
    },
    "by_difficulty": {
      "easy": {
        "avg_mrr": 0.9008802308802308,
        "hit_rate@10": 0.9084415584415585,
        "count": 4620
      },
      "medium": {
        "avg_mrr": 0.7642528735632185,
        "hit_rate@10": 0.7943204868154158,
        "count": 2465
      },
      "hard": {
        "avg_mrr": 0.2941304053138132,
        "hit_rate@10": 0.35624237494916633,
        "count": 2459
      }
    }
  }
}