{
  "qdrant_hybrid": {
    "avg_mrr": 0.6305366373288628,
    "avg_ndcg@5": 0.6072755703343671,
    "avg_ndcg@10": 0.643650208234763,
    "avg_precision@5": 0.5693210393964795,
    "avg_precision@10": 0.543619027661358,
    "avg_search_time_ms": 37.42969370847576,
    "num_queries": 9544,
    "by_style": {
      "keyword": {
        "avg_mrr": 0.9174907529371066,
        "avg_ndcg@10": 0.9179192496207536,
        "hit_rate@10": 0.9346186085498742,
        "count": 2386
      },
      "natural_short": {
        "avg_mrr": 0.8031268710334092,
        "avg_ndcg@10": 0.814112382293559,
        "hit_rate@10": 0.8709136630343671,
        "count": 2386
      },
      "natural_long": {
        "avg_mrr": 0.67207287217765,
        "avg_ndcg@10": 0.6813995779211973,
        "hit_rate@10": 0.7514668901927913,
        "count": 2386
      },
      "conceptual": {
        "avg_mrr": 0.12945605316728537,
        "avg_ndcg@10": 0.16116962310354238,
        "hit_rate@10": 0.24853310980720872,
        "count": 2386
      }
    },
    "by_difficulty": {
      "easy": {
        "avg_mrr": 0.8722424929567787,
        "hit_rate@10": 0.9069264069264069,
        "count": 4620
      },
      "medium": {
        "avg_mrr": 0.6700875752599891,
        "hit_rate@10": 0.7594320486815416,
        "count": 2465
      },
      "hard": {
        "avg_mrr": 0.13676920544549662,
        "hit_rate@10": 0.25701504676697845,
        "count": 2459
      }
    }
  }
}