{
  "qdrant_dense": {
    "avg_mrr": 0.6211197261804973,
    "avg_ndcg@5": 0.5934046428503866,
    "avg_ndcg@10": 0.629985084864982,
    "avg_precision@5": 0.5548197820620285,
    "avg_precision@10": 0.527745180217938,
    "avg_search_time_ms": 24.865195642273065,
    "num_queries": 9544,
    "by_style": {
      "keyword": {
        "avg_mrr": 0.9032431245758991,
        "avg_ndcg@10": 0.9025763050096757,
        "hit_rate@10": 0.9249790444258172,
        "count": 2386
      },
      "natural_short": {
        "avg_mrr": 0.7986280751473543,
        "avg_ndcg@10": 0.804163828008311,
        "hit_rate@10": 0.856663872590109,
        "count": 2386
      },
      "natural_long": {
        "avg_mrr": 0.6255388576218417,
        "avg_ndcg@10": 0.6380040790086857,
        "hit_rate@10": 0.7238055322715843,

        "count": 2386
      },
      "conceptual": {
        "avg_mrr": 0.1570688473768943,
        "avg_ndcg@10": 0.17519612743325533,
        "hit_rate@10": 0.24937133277451803,
        "count": 2386
      }
    },
    "by_difficulty": {
      "easy": {
        "avg_mrr": 0.8520493197278911,
        "hit_rate@10": 0.891991341991342,
        "count": 4620
      },
      "medium": {
        "avg_mrr": 0.6457366624810843,
        "hit_rate@10": 0.7391480730223123,
        "count": 2465
      },
      "hard": {
        "avg_mrr": 0.16256931130863625,
        "hit_rate@10": 0.25620170801138675,
        "count": 2459
      }
    }
  }
}