{
  "qdrant_hybrid+rerank": {
    "avg_mrr": 0.6618503772003352,
    "avg_ndcg@5": 0.6666261337184053,
    "avg_ndcg@10": 0.6666261337184053,
    "avg_precision@5": 0.5953269069572507,
    "avg_precision@10": 0.5953269069572507,
    "avg_search_time_ms": 232.34234389295523,
    "num_queries": 9544,
    "by_style": {
      "keyword": {
        "avg_mrr": 0.9262433640681755,
        "avg_ndcg@10": 0.9264959838407547,
        "hit_rate@10": 0.9333612740989103,
        "count": 2386
      },
      "natural_short": {
        "avg_mrr": 0.8395641240569992,
        "avg_ndcg@10": 0.8438173892203457,
        "hit_rate@10": 0.8608549874266554,
        "count": 2386
      },
      "natural_long": {
        "avg_mrr": 0.7198728695166247,
        "avg_ndcg@10": 0.7229087578490941,
        "hit_rate@10": 0.7443419949706622,
        "count": 2386
      },
      "conceptual": {
        "avg_mrr": 0.16172115115954178,
        "avg_ndcg@10": 0.17328240396342645,
        "hit_rate@10": 0.2129086336965633,
        "count": 2386
      }
    },
    "by_difficulty": {
      "easy": {
        "avg_mrr": 0.8929689754689755,
        "hit_rate@10": 0.9036796536796536,
        "count": 4620
      },
      "medium": {
        "avg_mrr": 0.7194861392832995,
        "hit_rate@10": 0.749290060851927,
        "count": 2465
      },
      "hard": {
        "avg_mrr": 0.16984546563643757,
        "hit_rate@10": 0.22082147214314762,
        "count": 2459
      }
    }
  }
}