{
  "qdrant_hybrid_3large": {
    "avg_mrr": 0.6898384175547838,
    "avg_ndcg@5": 0.6668666980706542,
    "avg_ndcg@10": 0.7058837965310055,
    "avg_precision@5": 0.6387678122380552,
    "avg_precision@10": 0.6235435875943002,
    "avg_search_time_ms": 236.3645242275756,
    "num_queries": 9544,
    "by_style": {
      "keyword": {
        "avg_mrr": 0.9218051065075374,
        "avg_ndcg@10": 0.9223495806639538,
        "hit_rate@10": 0.9350377200335289,
        "count": 2386
      },
      "natural_short": {
        "avg_mrr": 0.8481878417754362,
        "avg_ndcg@10": 0.855076759949768,
        "hit_rate@10": 0.8948030176026823,
        "count": 2386
      },
      "natural_long": {
        "avg_mrr": 0.7440403012280632,
        "avg_ndcg@10": 0.7544412466897237,
        "hit_rate@10": 0.8176865046102263,
        "count": 2386
      },
      "conceptual": {
        "avg_mrr": 0.24532042070809884,
        "avg_ndcg@10": 0.29166759882057686,
        "hit_rate@10": 0.40486169321039395,
        "count": 2386
      }
    },
    "by_difficulty": {
      "easy": {
        "avg_mrr": 0.8935361265718408,
        "hit_rate@10": 0.9186147186147187,
        "count": 4620
      },
      "medium": {
        "avg_mrr": 0.7445653433787308,
        "hit_rate@10": 0.8227180527383368,
        "count": 2465
      },
      "hard": {
        "avg_mrr": 0.2522681500416352,
        "hit_rate@10": 0.41114274095160636,
        "count": 2459
      }
    }
  }
}