{
  "qdrant_sparse+rerank": {
    "avg_mrr": 0.6182662754959486,
    "avg_ndcg@5": 0.6205125239608648,
    "avg_ndcg@10": 0.6205125239608648,
    "avg_precision@5": 0.5432523051131601,
    "avg_precision@10": 0.5432523051131601,
    "avg_search_time_ms": 229.17713088741448,
    "num_queries": 9544,
    "by_style": {
      "keyword": {
        "avg_mrr": 0.9277521654093323,
        "avg_ndcg@10": 0.9281024683831002,
        "hit_rate@10": 0.9333612740989103,
        "count": 2386
      },
      "natural_short": {
        "avg_mrr": 0.8000488963397597,
        "avg_ndcg@10": 0.8046111460804087,
        "hit_rate@10": 0.8231349538977368,
        "count": 2386
      },
      "natural_long": {
        "avg_mrr": 0.7072436434758312,
        "avg_ndcg@10": 0.7091866083187011,
        "hit_rate@10": 0.7275775356244761,
        "count": 2386
      },
      "conceptual": {
        "avg_mrr": 0.03802039675887119,
        "avg_ndcg@10": 0.04014987306124948,
        "hit_rate@10": 0.04694048616932104,
        "count": 2386
      }
    },
    "by_difficulty": {
      "easy": {
        "avg_mrr": 0.8867929292929293,
        "hit_rate@10": 0.8967532467532467,
        "count": 4620
      },
      "medium": {
        "avg_mrr": 0.6850709939148073,
        "hit_rate@10": 0.7135902636916835,
        "count": 2465
      },
      "hard": {
        "avg_mrr": 0.04678731191541277,
        "hit_rate@10": 0.055713704758031724,
        "count": 2459
      }
    }
  }
}