{
  "qdrant_hybrid_3large+rerank": {
    "avg_mrr": 0.712011036602403,
    "avg_ndcg@5": 0.7183156656776204,
    "avg_ndcg@10": 0.7183156656776204,
    "avg_precision@5": 0.6578792958927074,
    "avg_precision@10": 0.6578792958927074,
    "avg_search_time_ms": 392.787552414476,
    "num_queries": 9544,
    "by_style": {
      "keyword": {
        "avg_mrr": 0.9279058396200055,
        "avg_ndcg@10": 0.9279162980559449,
        "hit_rate@10": 0.932523051131601,
        "count": 2386
      },
      "natural_short": {
        "avg_mrr": 0.8706971221011455,
        "avg_ndcg@10": 0.8749344267999056,
        "hit_rate@10": 0.8910310142497905,
        "count": 2386
      },
      "natural_long": {
        "avg_mrr": 0.7781992176585638,
        "avg_ndcg@10": 0.782645051855008,
        "hit_rate@10": 0.808466051969824,
        "count": 2386
      },
      "conceptual": {
        "avg_mrr": 0.2712419670298966,
        "avg_ndcg@10": 0.28776688599962275,
        "hit_rate@10": 0.3415758591785415,
        "count": 2386
      }
    },
    "by_difficulty": {
      "easy": {
        "avg_mrr": 0.9078932178932178,
        "hit_rate@10": 0.9162337662337663,
        "count": 4620
      },
      "medium": {
        "avg_mrr": 0.7766937119675457,
        "hit_rate@10": 0.8133874239350912,
        "count": 2465
      },
      "hard": {
        "avg_mrr": 0.27914463874203604,
        "hit_rate@10": 0.3485156567710451,
        "count": 2459
      }
    }
  }
}