{
  "qdrant_sparse": {
    "avg_mrr": 0.5815918170145957,
    "avg_ndcg@5": 0.5573431348153862,
    "avg_ndcg@10": 0.5866316461921142,
    "avg_precision@5": 0.5141659681475272,
    "avg_precision@10": 0.4817267393126572,
    "avg_search_time_ms": 23.971304384880675,
    "num_queries": 9544,
    "by_style": {
      "keyword": {
        "avg_mrr": 0.9159468593248978,
        "avg_ndcg@10": 0.9144660661485867,
        "hit_rate@10": 0.9341994970662196,
        "count": 2386
      },
      "natural_short": {
        "avg_mrr": 0.7492359531127343,
        "avg_ndcg@10": 0.7572894702927443,
        "hit_rate@10": 0.8281642917015927,
        "count": 2386
      },
      "natural_long": {
        "avg_mrr": 0.6352103540494152,
        "avg_ndcg@10": 0.6437982505473241,
        "hit_rate@10": 0.7309304274937133,
        "count": 2386
      },
      "conceptual": {
        "avg_mrr": 0.025974101571335437,
        "avg_ndcg@10": 0.030972797779801525,
        "hit_rate@10": 0.04819782062028499,
        "count": 2386
      }
    },
    "by_difficulty": {
      "easy": {
        "avg_mrr": 0.8549980244623102,
        "hit_rate@10": 0.8987012987012987,
        "count": 4620
      },
      "medium": {
        "avg_mrr": 0.616410863195853,
        "hit_rate@10": 0.7188640973630832,
        "count": 2465
      },
      "hard": {
        "avg_mrr": 0.033008804714782757,
        "hit_rate@10": 0.056933712891419276,
        "count": 2459
      }
    }
  }
}