{
  "qdrant_dense+rerank": {
    "avg_mrr": 0.6502060631461302,
    "avg_ndcg@5": 0.6551648611475063,
    "avg_ndcg@10": 0.6551648611475063,
    "avg_precision@5": 0.5839899413243923,
    "avg_precision@10": 0.5839899413243923,
    "avg_search_time_ms": 240.75746283946873,
    "num_queries": 9544,
    "by_style": {
      "keyword": {
        "avg_mrr": 0.9166596814752724,
        "avg_ndcg@10": 0.9173071682317816,
        "hit_rate@10": 0.922883487007544,
        "count": 2386
      },
      "natural_short": {
        "avg_mrr": 0.8317826208438112,
        "avg_ndcg@10": 0.8354363432263071,
        "hit_rate@10": 0.8507963118189439,
        "count": 2386
      },
      "natural_long": {
        "avg_mrr": 0.6851704386700196,
        "avg_ndcg@10": 0.6891877435552407,
        "hit_rate@10": 0.7099748533109808,
        "count": 2386
      },
      "conceptual": {
        "avg_mrr": 0.1672115115954177,
        "avg_ndcg@10": 0.17872818957669573,
        "hit_rate@10": 0.21584241408214586,
        "count": 2386
      }
    },
    "by_difficulty": {
      "easy": {
        "avg_mrr": 0.8788564213564214,
        "hit_rate@10": 0.8883116883116883,
        "count": 4620
      },
      "medium": {
        "avg_mrr": 0.6967072346179851,
        "hit_rate@10": 0.725760649087221,
        "count": 2465
      },
      "hard": {
        "avg_mrr": 0.17400027111291852,
        "hit_rate@10": 0.2228548190321269,
        "count": 2459
      }
    }
  }
}