{
  "qdrant_3large": {
    "avg_mrr": 0.690440807155497,
    "avg_ndcg@5": 0.6671123966976703,
    "avg_ndcg@10": 0.7019170488819354,
    "avg_precision@5": 0.6390821458507963,
    "avg_precision@10": 0.6229358759430008,
    "avg_search_time_ms": 203.70909072027823,
    "num_queries": 9544,
    "by_style": {
      "keyword": {
        "avg_mrr": 0.9111608390212749,
        "avg_ndcg@10": 0.9123661278163541,
        "hit_rate@10": 0.9304274937133278,
        "count": 2386
      },
      "natural_short": {
        "avg_mrr": 0.8418602562567357,
        "avg_ndcg@10": 0.8485128041155214,
        "hit_rate@10": 0.8851634534786254,
        "count": 2386
      },
      "natural_long": {
        "avg_mrr": 0.7195991165396027,
        "avg_ndcg@10": 0.7308031009894184,
        "hit_rate@10": 0.7992455993294216,
        "count": 2386
      },
      "conceptual": {
        "avg_mrr": 0.28914301680437476,
        "avg_ndcg@10": 0.31598616260644785,
        "hit_rate@10": 0.414501257334451,
        "count": 2386
      }
    },
    "by_difficulty": {
      "easy": {
        "avg_mrr": 0.878836322407751,
        "hit_rate@10": 0.90995670995671,
        "count": 4620
      },
      "medium": {
        "avg_mrr": 0.7312078624553269,
        "hit_rate@10": 0.8073022312373225,
        "count": 2465
      },
      "hard": {
        "avg_mrr": 0.2956144257892936,
        "hit_rate@10": 0.42049613664091096,
        "count": 2459
      }
    }
  }
}