{
  "qdrant_dense": {
    "avg_mrr": 0.654896492091413,
    "avg_ndcg@5": 0.6289631681152418,
    "avg_ndcg@10": 0.6688801642803853,
    "avg_precision@5": 0.5952726473175023,
    "avg_precision@10": 0.5680079155672824,
    "avg_search_time_ms": 27.407188056955867,
    "num_queries": 9096
  },
  "qdrant_sparse": {
    "avg_mrr": 0.6161190249333389,
    "avg_ndcg@5": 0.5936765582237246,
    "avg_ndcg@10": 0.6251332022008262,
    "avg_precision@5": 0.5593227792436236,
    "avg_precision@10": 0.5278364116094987,
    "avg_search_time_ms": 21.97513657907907,
    "num_queries": 9096
  }
}